configuration,faithfulness,answer_relevancy,context_precision
baseline,0.6666666666666666,0.4999999999999999,0.49999999995
restructure_only,0.5,0.588414800000435,0.49999999995
rescore_only,0.8,0.4999999999999999,0.49999999995
full,0.625,0.4999999999999999,0.49999999995
